image_path,mask_path
/home/hd/hd_hd/hd_bm327/sds-hd/sd22c003/phenotyping_benchmark/datasets/IMMUcan/raw_images/multistack_tiffs/IMMUcan_Batch20211215_10074353-SPECT-VAR-TIS-UNST-03_002.tiff,/home/hd/hd_hd/hd_bm327/sds-hd/sd22c003/phenotyping_benchmark/datasets/IMMUcan/segmentation/IMMUcan_Batch20211215_10074353-SPECT-VAR-TIS-UNST-03_002.tiff
/home/hd/hd_hd/hd_bm327/sds-hd/sd22c003/phenotyping_benchmark/datasets/IMMUcan/raw_images/multistack_tiffs/IMMUcan_Batch20200528_S-200120-00002_006.tiff,/home/hd/hd_hd/hd_bm327/sds-hd/sd22c003/phenotyping_benchmark/datasets/IMMUcan/segmentation/IMMUcan_Batch20200528_S-200120-00002_006.tiff
/home/hd/hd_hd/hd_bm327/sds-hd/sd22c003/phenotyping_benchmark/datasets/IMMUcan/raw_images/multistack_tiffs/IMMUcan_Batch20211215_10082071-SPECT-VAR-TIS-01-IMC-01_003.tiff,/home/hd/hd_hd/hd_bm327/sds-hd/sd22c003/phenotyping_benchmark/datasets/IMMUcan/segmentation/IMMUcan_Batch20211215_10082071-SPECT-VAR-TIS-01-IMC-01_003.tiff
/home/hd/hd_hd/hd_bm327/sds-hd/sd22c003/phenotyping_benchmark/datasets/IMMUcan/raw_images/multistack_tiffs/IMMUcan_2022_WFLOW_10061074-SPECT-VAR-TIS-01-IMC-01_001.tiff,/home/hd/hd_hd/hd_bm327/sds-hd/sd22c003/phenotyping_benchmark/datasets/IMMUcan/segmentation/IMMUcan_2022_WFLOW_10061074-SPECT-VAR-TIS-01-IMC-01_001.tiff
/home/hd/hd_hd/hd_bm327/sds-hd/sd22c003/phenotyping_benchmark/datasets/IMMUcan/raw_images/multistack_tiffs/IMMUcan_2022_WFLOW_10034294-GI-VAR-TIS-UNST-03_004.tiff,/home/hd/hd_hd/hd_bm327/sds-hd/sd22c003/phenotyping_benchmark/datasets/IMMUcan/segmentation/IMMUcan_2022_WFLOW_10034294-GI-VAR-TIS-UNST-03_004.tiff
/home/hd/hd_hd/hd_bm327/sds-hd/sd22c003/phenotyping_benchmark/datasets/IMMUcan/raw_images/multistack_tiffs/IMMUcan_Batch20210304_10060017-SPECT-VAR-TIS-01-IMC-01_v2_003.tiff,/home/hd/hd_hd/hd_bm327/sds-hd/sd22c003/phenotyping_benchmark/datasets/IMMUcan/segmentation/IMMUcan_Batch20210304_10060017-SPECT-VAR-TIS-01-IMC-01_v2_003.tiff
/home/hd/hd_hd/hd_bm327/sds-hd/sd22c003/phenotyping_benchmark/datasets/IMMUcan/raw_images/multistack_tiffs/IMMUcan_Batch20220609_10089094-SPECT-VAR-TIS-01-IMC-01_001.tiff,/home/hd/hd_hd/hd_bm327/sds-hd/sd22c003/phenotyping_benchmark/datasets/IMMUcan/segmentation/IMMUcan_Batch20220609_10089094-SPECT-VAR-TIS-01-IMC-01_001.tiff
/home/hd/hd_hd/hd_bm327/sds-hd/sd22c003/phenotyping_benchmark/datasets/IMMUcan/raw_images/multistack_tiffs/IMMUcan_Batch20210701_S-210510-00002_005.tiff,/home/hd/hd_hd/hd_bm327/sds-hd/sd22c003/phenotyping_benchmark/datasets/IMMUcan/segmentation/IMMUcan_Batch20210701_S-210510-00002_005.tiff
/home/hd/hd_hd/hd_bm327/sds-hd/sd22c003/phenotyping_benchmark/datasets/IMMUcan/raw_images/multistack_tiffs/IMMUcan_Batch20210701_LUNG_10041517-LUNG-VAR-TIS-01-IMC-01_004.tiff,/home/hd/hd_hd/hd_bm327/sds-hd/sd22c003/phenotyping_benchmark/datasets/IMMUcan/segmentation/IMMUcan_Batch20210701_LUNG_10041517-LUNG-VAR-TIS-01-IMC-01_004.tiff
/home/hd/hd_hd/hd_bm327/sds-hd/sd22c003/phenotyping_benchmark/datasets/IMMUcan/raw_images/multistack_tiffs/IMMUcan_Batch20200528_10037092-GU-VAR-TIS-01-IMC-01_001.tiff,/home/hd/hd_hd/hd_bm327/sds-hd/sd22c003/phenotyping_benchmark/datasets/IMMUcan/segmentation/IMMUcan_Batch20200528_10037092-GU-VAR-TIS-01-IMC-01_001.tiff
/home/hd/hd_hd/hd_bm327/sds-hd/sd22c003/phenotyping_benchmark/datasets/IMMUcan/raw_images/multistack_tiffs/IMMUcan_Batch20210506_UPSTREAM_10064683-E1559-VAR-TIS-01-IMC-01_002.tiff,/home/hd/hd_hd/hd_bm327/sds-hd/sd22c003/phenotyping_benchmark/datasets/IMMUcan/segmentation/IMMUcan_Batch20210506_UPSTREAM_10064683-E1559-VAR-TIS-01-IMC-01_002.tiff
/home/hd/hd_hd/hd_bm327/sds-hd/sd22c003/phenotyping_benchmark/datasets/IMMUcan/raw_images/multistack_tiffs/IMMUcan_Batch20210701_UPSTREAM_S-210510-00008_002.tiff,/home/hd/hd_hd/hd_bm327/sds-hd/sd22c003/phenotyping_benchmark/datasets/IMMUcan/segmentation/IMMUcan_Batch20210701_UPSTREAM_S-210510-00008_002.tiff
/home/hd/hd_hd/hd_bm327/sds-hd/sd22c003/phenotyping_benchmark/datasets/IMMUcan/raw_images/multistack_tiffs/IMMUcan_Batch20210506_10037407-GI-VAR-TIS-01-IMC-01_002.tiff,/home/hd/hd_hd/hd_bm327/sds-hd/sd22c003/phenotyping_benchmark/datasets/IMMUcan/segmentation/IMMUcan_Batch20210506_10037407-GI-VAR-TIS-01-IMC-01_002.tiff
/home/hd/hd_hd/hd_bm327/sds-hd/sd22c003/phenotyping_benchmark/datasets/IMMUcan/raw_images/multistack_tiffs/IMMUcan_2022_WFLOW_10063152-SPECT-VAR-TIS-01-IMC-01_002.tiff,/home/hd/hd_hd/hd_bm327/sds-hd/sd22c003/phenotyping_benchmark/datasets/IMMUcan/segmentation/IMMUcan_2022_WFLOW_10063152-SPECT-VAR-TIS-01-IMC-01_002.tiff
/home/hd/hd_hd/hd_bm327/sds-hd/sd22c003/phenotyping_benchmark/datasets/IMMUcan/raw_images/multistack_tiffs/IMMUcan_Batch20210304_10061072-SPECT-VAR-TIS-01-IMC-01_002.tiff,/home/hd/hd_hd/hd_bm327/sds-hd/sd22c003/phenotyping_benchmark/datasets/IMMUcan/segmentation/IMMUcan_Batch20210304_10061072-SPECT-VAR-TIS-01-IMC-01_002.tiff
/home/hd/hd_hd/hd_bm327/sds-hd/sd22c003/phenotyping_benchmark/datasets/IMMUcan/raw_images/multistack_tiffs/IMMUcan_Batch20211215_10083920-SPECT-VAR-TIS-01-IMC-01_002.tiff,/home/hd/hd_hd/hd_bm327/sds-hd/sd22c003/phenotyping_benchmark/datasets/IMMUcan/segmentation/IMMUcan_Batch20211215_10083920-SPECT-VAR-TIS-01-IMC-01_002.tiff
/home/hd/hd_hd/hd_bm327/sds-hd/sd22c003/phenotyping_benchmark/datasets/IMMUcan/raw_images/multistack_tiffs/IMMUcan_Batch20210701_UPSTREAM_S-210510-00044_001.tiff,/home/hd/hd_hd/hd_bm327/sds-hd/sd22c003/phenotyping_benchmark/datasets/IMMUcan/segmentation/IMMUcan_Batch20210701_UPSTREAM_S-210510-00044_001.tiff
/home/hd/hd_hd/hd_bm327/sds-hd/sd22c003/phenotyping_benchmark/datasets/IMMUcan/raw_images/multistack_tiffs/IMMUcan_Batch20220309_10086612-SPECT-VAR-TIS-01-IMC-01_003.tiff,/home/hd/hd_hd/hd_bm327/sds-hd/sd22c003/phenotyping_benchmark/datasets/IMMUcan/segmentation/IMMUcan_Batch20220309_10086612-SPECT-VAR-TIS-01-IMC-01_003.tiff
/home/hd/hd_hd/hd_bm327/sds-hd/sd22c003/phenotyping_benchmark/datasets/IMMUcan/raw_images/multistack_tiffs/IMMUcan_Batch20220609_10086471-SPECT-VAR-TIS-UNST-03_004.tiff,/home/hd/hd_hd/hd_bm327/sds-hd/sd22c003/phenotyping_benchmark/datasets/IMMUcan/segmentation/IMMUcan_Batch20220609_10086471-SPECT-VAR-TIS-UNST-03_004.tiff
/home/hd/hd_hd/hd_bm327/sds-hd/sd22c003/phenotyping_benchmark/datasets/IMMUcan/raw_images/multistack_tiffs/IMMUcan_Batch20210701_10075573-SPECT-VAR-TIS-UNST-03_002.tiff,/home/hd/hd_hd/hd_bm327/sds-hd/sd22c003/phenotyping_benchmark/datasets/IMMUcan/segmentation/IMMUcan_Batch20210701_10075573-SPECT-VAR-TIS-UNST-03_002.tiff
/home/hd/hd_hd/hd_bm327/sds-hd/sd22c003/phenotyping_benchmark/datasets/IMMUcan/raw_images/multistack_tiffs/IMMUcan_Batch20210921_10073348-SPECT-VAR-TIS-01-IMC-01_001.tiff,/home/hd/hd_hd/hd_bm327/sds-hd/sd22c003/phenotyping_benchmark/datasets/IMMUcan/segmentation/IMMUcan_Batch20210921_10073348-SPECT-VAR-TIS-01-IMC-01_001.tiff
/home/hd/hd_hd/hd_bm327/sds-hd/sd22c003/phenotyping_benchmark/datasets/IMMUcan/raw_images/multistack_tiffs/IMMUcan_Batch20210701_UPSTREAM_10064805-E1559-VAR-TIS-01-IMC-01_001.tiff,/home/hd/hd_hd/hd_bm327/sds-hd/sd22c003/phenotyping_benchmark/datasets/IMMUcan/segmentation/IMMUcan_Batch20210701_UPSTREAM_10064805-E1559-VAR-TIS-01-IMC-01_001.tiff
/home/hd/hd_hd/hd_bm327/sds-hd/sd22c003/phenotyping_benchmark/datasets/IMMUcan/raw_images/multistack_tiffs/IMMUcan_Batch20211215_10078052-SPECT-VAR-TIS-UNST-03_003.tiff,/home/hd/hd_hd/hd_bm327/sds-hd/sd22c003/phenotyping_benchmark/datasets/IMMUcan/segmentation/IMMUcan_Batch20211215_10078052-SPECT-VAR-TIS-UNST-03_003.tiff
/home/hd/hd_hd/hd_bm327/sds-hd/sd22c003/phenotyping_benchmark/datasets/IMMUcan/raw_images/multistack_tiffs/IMMUcan_2022_WFLOW_10071582-SPECT-VAR-TIS-01-IMC-01_006.tiff,/home/hd/hd_hd/hd_bm327/sds-hd/sd22c003/phenotyping_benchmark/datasets/IMMUcan/segmentation/IMMUcan_2022_WFLOW_10071582-SPECT-VAR-TIS-01-IMC-01_006.tiff
/home/hd/hd_hd/hd_bm327/sds-hd/sd22c003/phenotyping_benchmark/datasets/IMMUcan/raw_images/multistack_tiffs/IMMUcan_2022_WFLOW_10075371-SPECT-VAR-TIS-01-IMC-01_003.tiff,/home/hd/hd_hd/hd_bm327/sds-hd/sd22c003/phenotyping_benchmark/datasets/IMMUcan/segmentation/IMMUcan_2022_WFLOW_10075371-SPECT-VAR-TIS-01-IMC-01_003.tiff
/home/hd/hd_hd/hd_bm327/sds-hd/sd22c003/phenotyping_benchmark/datasets/IMMUcan/raw_images/multistack_tiffs/IMMUcan_Batch20210701_S-210531-00002_001.tiff,/home/hd/hd_hd/hd_bm327/sds-hd/sd22c003/phenotyping_benchmark/datasets/IMMUcan/segmentation/IMMUcan_Batch20210701_S-210531-00002_001.tiff
/home/hd/hd_hd/hd_bm327/sds-hd/sd22c003/phenotyping_benchmark/datasets/IMMUcan/raw_images/multistack_tiffs/IMMUcan_Batch20210701_LUNG_10019062-LUNG-VAR-TIS-01-IMC-01_002.tiff,/home/hd/hd_hd/hd_bm327/sds-hd/sd22c003/phenotyping_benchmark/datasets/IMMUcan/segmentation/IMMUcan_Batch20210701_LUNG_10019062-LUNG-VAR-TIS-01-IMC-01_002.tiff
/home/hd/hd_hd/hd_bm327/sds-hd/sd22c003/phenotyping_benchmark/datasets/IMMUcan/raw_images/multistack_tiffs/IMMUcan_Batch20210921_10075019-SPECT-VAR-TIS-UNST-03_003.tiff,/home/hd/hd_hd/hd_bm327/sds-hd/sd22c003/phenotyping_benchmark/datasets/IMMUcan/segmentation/IMMUcan_Batch20210921_10075019-SPECT-VAR-TIS-UNST-03_003.tiff
/home/hd/hd_hd/hd_bm327/sds-hd/sd22c003/phenotyping_benchmark/datasets/IMMUcan/raw_images/multistack_tiffs/IMMUcan_Batch20211215_S-210924-02654_005.tiff,/home/hd/hd_hd/hd_bm327/sds-hd/sd22c003/phenotyping_benchmark/datasets/IMMUcan/segmentation/IMMUcan_Batch20211215_S-210924-02654_005.tiff
/home/hd/hd_hd/hd_bm327/sds-hd/sd22c003/phenotyping_benchmark/datasets/IMMUcan/raw_images/multistack_tiffs/IMMUcan_2022_WFLOW_10074349-SPECT-VAR-TIS-UNST-03_001.tiff,/home/hd/hd_hd/hd_bm327/sds-hd/sd22c003/phenotyping_benchmark/datasets/IMMUcan/segmentation/IMMUcan_2022_WFLOW_10074349-SPECT-VAR-TIS-UNST-03_001.tiff
/home/hd/hd_hd/hd_bm327/sds-hd/sd22c003/phenotyping_benchmark/datasets/IMMUcan/raw_images/multistack_tiffs/IMMUcan_Batch20210701_10038218-BREAS-VAR-TIS-01-IMC-01_001.tiff,/home/hd/hd_hd/hd_bm327/sds-hd/sd22c003/phenotyping_benchmark/datasets/IMMUcan/segmentation/IMMUcan_Batch20210701_10038218-BREAS-VAR-TIS-01-IMC-01_001.tiff
/home/hd/hd_hd/hd_bm327/sds-hd/sd22c003/phenotyping_benchmark/datasets/IMMUcan/raw_images/multistack_tiffs/IMMUcan_Batch20210701_10071581-SPECT-VAR-TIS-UNST-03_003.tiff,/home/hd/hd_hd/hd_bm327/sds-hd/sd22c003/phenotyping_benchmark/datasets/IMMUcan/segmentation/IMMUcan_Batch20210701_10071581-SPECT-VAR-TIS-UNST-03_003.tiff
/home/hd/hd_hd/hd_bm327/sds-hd/sd22c003/phenotyping_benchmark/datasets/IMMUcan/raw_images/multistack_tiffs/IMMUcan_Batch20210701_LUNG_10040791-LUNG-VAR-TIS-01-IMC-01_003.tiff,/home/hd/hd_hd/hd_bm327/sds-hd/sd22c003/phenotyping_benchmark/datasets/IMMUcan/segmentation/IMMUcan_Batch20210701_LUNG_10040791-LUNG-VAR-TIS-01-IMC-01_003.tiff
/home/hd/hd_hd/hd_bm327/sds-hd/sd22c003/phenotyping_benchmark/datasets/IMMUcan/raw_images/multistack_tiffs/IMMUcan_Batch20210304_10057310-SPECT-VAR-TIS-01-IMC-01_001.tiff,/home/hd/hd_hd/hd_bm327/sds-hd/sd22c003/phenotyping_benchmark/datasets/IMMUcan/segmentation/IMMUcan_Batch20210304_10057310-SPECT-VAR-TIS-01-IMC-01_001.tiff
/home/hd/hd_hd/hd_bm327/sds-hd/sd22c003/phenotyping_benchmark/datasets/IMMUcan/raw_images/multistack_tiffs/IMMUcan_Batch20210701_LUNG_10022146-LUNG-VAR-TIS-01-IMC-01_004.tiff,/home/hd/hd_hd/hd_bm327/sds-hd/sd22c003/phenotyping_benchmark/datasets/IMMUcan/segmentation/IMMUcan_Batch20210701_LUNG_10022146-LUNG-VAR-TIS-01-IMC-01_004.tiff
/home/hd/hd_hd/hd_bm327/sds-hd/sd22c003/phenotyping_benchmark/datasets/IMMUcan/raw_images/multistack_tiffs/IMMUcan_Batch20210921_LUNG_10041542-LUNG-VAR-TIS-01-IMC-01_003.tiff,/home/hd/hd_hd/hd_bm327/sds-hd/sd22c003/phenotyping_benchmark/datasets/IMMUcan/segmentation/IMMUcan_Batch20210921_LUNG_10041542-LUNG-VAR-TIS-01-IMC-01_003.tiff
/home/hd/hd_hd/hd_bm327/sds-hd/sd22c003/phenotyping_benchmark/datasets/IMMUcan/raw_images/multistack_tiffs/IMMUcan_Batch20210921_UPSTREAM_S-210622-00014_004.tiff,/home/hd/hd_hd/hd_bm327/sds-hd/sd22c003/phenotyping_benchmark/datasets/IMMUcan/segmentation/IMMUcan_Batch20210921_UPSTREAM_S-210622-00014_004.tiff
/home/hd/hd_hd/hd_bm327/sds-hd/sd22c003/phenotyping_benchmark/datasets/IMMUcan/raw_images/multistack_tiffs/IMMUcan_Batch20191023_10032401-HN-VAR-TIS-01-IMC-01_003.tiff,/home/hd/hd_hd/hd_bm327/sds-hd/sd22c003/phenotyping_benchmark/datasets/IMMUcan/segmentation/IMMUcan_Batch20191023_10032401-HN-VAR-TIS-01-IMC-01_003.tiff
/home/hd/hd_hd/hd_bm327/sds-hd/sd22c003/phenotyping_benchmark/datasets/IMMUcan/raw_images/multistack_tiffs/IMMUcan_Batch20210701_S-210531-00008_006.tiff,/home/hd/hd_hd/hd_bm327/sds-hd/sd22c003/phenotyping_benchmark/datasets/IMMUcan/segmentation/IMMUcan_Batch20210701_S-210531-00008_006.tiff
/home/hd/hd_hd/hd_bm327/sds-hd/sd22c003/phenotyping_benchmark/datasets/IMMUcan/raw_images/multistack_tiffs/IMMUcan_Batch20210304_10066227-SPECT-VAR-TIS-01-IMC-01_001.tiff,/home/hd/hd_hd/hd_bm327/sds-hd/sd22c003/phenotyping_benchmark/datasets/IMMUcan/segmentation/IMMUcan_Batch20210304_10066227-SPECT-VAR-TIS-01-IMC-01_001.tiff
/home/hd/hd_hd/hd_bm327/sds-hd/sd22c003/phenotyping_benchmark/datasets/IMMUcan/raw_images/multistack_tiffs/IMMUcan_Batch20210921_UPSTREAM_S-210622-00008_006.tiff,/home/hd/hd_hd/hd_bm327/sds-hd/sd22c003/phenotyping_benchmark/datasets/IMMUcan/segmentation/IMMUcan_Batch20210921_UPSTREAM_S-210622-00008_006.tiff
/home/hd/hd_hd/hd_bm327/sds-hd/sd22c003/phenotyping_benchmark/datasets/IMMUcan/raw_images/multistack_tiffs/IMMUcan_Batch20210701_UPSTREAM_S-210510-00026_005.tiff,/home/hd/hd_hd/hd_bm327/sds-hd/sd22c003/phenotyping_benchmark/datasets/IMMUcan/segmentation/IMMUcan_Batch20210701_UPSTREAM_S-210510-00026_005.tiff
/home/hd/hd_hd/hd_bm327/sds-hd/sd22c003/phenotyping_benchmark/datasets/IMMUcan/raw_images/multistack_tiffs/IMMUcan_Batch20210506_UPSTREAM_10064754-E1559-VAR-TIS-01-IMC-01_001.tiff,/home/hd/hd_hd/hd_bm327/sds-hd/sd22c003/phenotyping_benchmark/datasets/IMMUcan/segmentation/IMMUcan_Batch20210506_UPSTREAM_10064754-E1559-VAR-TIS-01-IMC-01_001.tiff
/home/hd/hd_hd/hd_bm327/sds-hd/sd22c003/phenotyping_benchmark/datasets/IMMUcan/raw_images/multistack_tiffs/IMMUcan_Batch20210506_10062969-SPECT-VAR-TIS-01-IMC-01_002.tiff,/home/hd/hd_hd/hd_bm327/sds-hd/sd22c003/phenotyping_benchmark/datasets/IMMUcan/segmentation/IMMUcan_Batch20210506_10062969-SPECT-VAR-TIS-01-IMC-01_002.tiff
/home/hd/hd_hd/hd_bm327/sds-hd/sd22c003/phenotyping_benchmark/datasets/IMMUcan/raw_images/multistack_tiffs/IMMUcan_Batch20210506_10075015-SPECT-VAR-TIS-UNST-03_003.tiff,/home/hd/hd_hd/hd_bm327/sds-hd/sd22c003/phenotyping_benchmark/datasets/IMMUcan/segmentation/IMMUcan_Batch20210506_10075015-SPECT-VAR-TIS-UNST-03_003.tiff
/home/hd/hd_hd/hd_bm327/sds-hd/sd22c003/phenotyping_benchmark/datasets/IMMUcan/raw_images/multistack_tiffs/IMMUcan_Batch20211215_10080051-SPECT-VAR-TIS-01-IMC-01_002.tiff,/home/hd/hd_hd/hd_bm327/sds-hd/sd22c003/phenotyping_benchmark/datasets/IMMUcan/segmentation/IMMUcan_Batch20211215_10080051-SPECT-VAR-TIS-01-IMC-01_002.tiff
/home/hd/hd_hd/hd_bm327/sds-hd/sd22c003/phenotyping_benchmark/datasets/IMMUcan/raw_images/multistack_tiffs/IMMUcan_Batch20200528_10040556-GU-VAR-TIS-01-IMC-01_001.tiff,/home/hd/hd_hd/hd_bm327/sds-hd/sd22c003/phenotyping_benchmark/datasets/IMMUcan/segmentation/IMMUcan_Batch20200528_10040556-GU-VAR-TIS-01-IMC-01_001.tiff
/home/hd/hd_hd/hd_bm327/sds-hd/sd22c003/phenotyping_benchmark/datasets/IMMUcan/raw_images/multistack_tiffs/IMMUcan_Batch20210921_LUNG_10041580-LUNG-VAR-TIS-01-IMC-01_004.tiff,/home/hd/hd_hd/hd_bm327/sds-hd/sd22c003/phenotyping_benchmark/datasets/IMMUcan/segmentation/IMMUcan_Batch20210921_LUNG_10041580-LUNG-VAR-TIS-01-IMC-01_004.tiff
/home/hd/hd_hd/hd_bm327/sds-hd/sd22c003/phenotyping_benchmark/datasets/IMMUcan/raw_images/multistack_tiffs/IMMUcan_Batch20201113_10041962-BREAS-VAR-TIS-01-IMC-01_002.tiff,/home/hd/hd_hd/hd_bm327/sds-hd/sd22c003/phenotyping_benchmark/datasets/IMMUcan/segmentation/IMMUcan_Batch20201113_10041962-BREAS-VAR-TIS-01-IMC-01_002.tiff
/home/hd/hd_hd/hd_bm327/sds-hd/sd22c003/phenotyping_benchmark/datasets/IMMUcan/raw_images/multistack_tiffs/IMMUcan_Batch20200528_10037785-GI-VAR-TIS-01-IMC-01_001.tiff,/home/hd/hd_hd/hd_bm327/sds-hd/sd22c003/phenotyping_benchmark/datasets/IMMUcan/segmentation/IMMUcan_Batch20200528_10037785-GI-VAR-TIS-01-IMC-01_001.tiff
/home/hd/hd_hd/hd_bm327/sds-hd/sd22c003/phenotyping_benchmark/datasets/IMMUcan/raw_images/multistack_tiffs/IMMUcan_Batch20210506_10073346-SPECT-VAR-TIS-01-IMC-01_002.tiff,/home/hd/hd_hd/hd_bm327/sds-hd/sd22c003/phenotyping_benchmark/datasets/IMMUcan/segmentation/IMMUcan_Batch20210506_10073346-SPECT-VAR-TIS-01-IMC-01_002.tiff
/home/hd/hd_hd/hd_bm327/sds-hd/sd22c003/phenotyping_benchmark/datasets/IMMUcan/raw_images/multistack_tiffs/IMMUcan_Batch20210701_10062155-SPECT-VAR-TIS-01-IMC-01_002.tiff,/home/hd/hd_hd/hd_bm327/sds-hd/sd22c003/phenotyping_benchmark/datasets/IMMUcan/segmentation/IMMUcan_Batch20210701_10062155-SPECT-VAR-TIS-01-IMC-01_002.tiff
/home/hd/hd_hd/hd_bm327/sds-hd/sd22c003/phenotyping_benchmark/datasets/IMMUcan/raw_images/multistack_tiffs/IMMUcan_Batch20220908_S-220729-00002_002.tiff,/home/hd/hd_hd/hd_bm327/sds-hd/sd22c003/phenotyping_benchmark/datasets/IMMUcan/segmentation/IMMUcan_Batch20220908_S-220729-00002_002.tiff
/home/hd/hd_hd/hd_bm327/sds-hd/sd22c003/phenotyping_benchmark/datasets/IMMUcan/raw_images/multistack_tiffs/IMMUcan_Batch20210701_UPSTREAM_10064599-E1559-VAR-TIS-01-IMC-01_002.tiff,/home/hd/hd_hd/hd_bm327/sds-hd/sd22c003/phenotyping_benchmark/datasets/IMMUcan/segmentation/IMMUcan_Batch20210701_UPSTREAM_10064599-E1559-VAR-TIS-01-IMC-01_002.tiff
/home/hd/hd_hd/hd_bm327/sds-hd/sd22c003/phenotyping_benchmark/datasets/IMMUcan/raw_images/multistack_tiffs/IMMUcan_Batch20220908_S-220513-00032_001.tiff,/home/hd/hd_hd/hd_bm327/sds-hd/sd22c003/phenotyping_benchmark/datasets/IMMUcan/segmentation/IMMUcan_Batch20220908_S-220513-00032_001.tiff
/home/hd/hd_hd/hd_bm327/sds-hd/sd22c003/phenotyping_benchmark/datasets/IMMUcan/raw_images/multistack_tiffs/IMMUcan_Batch20220309_S-220114-00026_002.tiff,/home/hd/hd_hd/hd_bm327/sds-hd/sd22c003/phenotyping_benchmark/datasets/IMMUcan/segmentation/IMMUcan_Batch20220309_S-220114-00026_002.tiff
/home/hd/hd_hd/hd_bm327/sds-hd/sd22c003/phenotyping_benchmark/datasets/IMMUcan/raw_images/multistack_tiffs/IMMUcan_Batch20210506_10063153-SPECT-VAR-TIS-01-IMC-01_002.tiff,/home/hd/hd_hd/hd_bm327/sds-hd/sd22c003/phenotyping_benchmark/datasets/IMMUcan/segmentation/IMMUcan_Batch20210506_10063153-SPECT-VAR-TIS-01-IMC-01_002.tiff
/home/hd/hd_hd/hd_bm327/sds-hd/sd22c003/phenotyping_benchmark/datasets/IMMUcan/raw_images/multistack_tiffs/IMMUcan_Batch20191023_S-190701-00035_006.tiff,/home/hd/hd_hd/hd_bm327/sds-hd/sd22c003/phenotyping_benchmark/datasets/IMMUcan/segmentation/IMMUcan_Batch20191023_S-190701-00035_006.tiff
/home/hd/hd_hd/hd_bm327/sds-hd/sd22c003/phenotyping_benchmark/datasets/IMMUcan/raw_images/multistack_tiffs/IMMUcan_Batch20210701_10067447-SPECT-VAR-TIS-01-IMC-01_003.tiff,/home/hd/hd_hd/hd_bm327/sds-hd/sd22c003/phenotyping_benchmark/datasets/IMMUcan/segmentation/IMMUcan_Batch20210701_10067447-SPECT-VAR-TIS-01-IMC-01_003.tiff
/home/hd/hd_hd/hd_bm327/sds-hd/sd22c003/phenotyping_benchmark/datasets/IMMUcan/raw_images/multistack_tiffs/IMMUcan_Batch20210921_UPSTREAM_S-210621-00014_006.tiff,/home/hd/hd_hd/hd_bm327/sds-hd/sd22c003/phenotyping_benchmark/datasets/IMMUcan/segmentation/IMMUcan_Batch20210921_UPSTREAM_S-210621-00014_006.tiff
/home/hd/hd_hd/hd_bm327/sds-hd/sd22c003/phenotyping_benchmark/datasets/IMMUcan/raw_images/multistack_tiffs/IMMUcan_Batch20210921_10079800-SPECT-VAR-TIS-01-IMC-01_002.tiff,/home/hd/hd_hd/hd_bm327/sds-hd/sd22c003/phenotyping_benchmark/datasets/IMMUcan/segmentation/IMMUcan_Batch20210921_10079800-SPECT-VAR-TIS-01-IMC-01_002.tiff
/home/hd/hd_hd/hd_bm327/sds-hd/sd22c003/phenotyping_benchmark/datasets/IMMUcan/raw_images/multistack_tiffs/IMMUcan_Batch20210701_10052390-BREAS-VAR-TIS-01-IMC-01_002.tiff,/home/hd/hd_hd/hd_bm327/sds-hd/sd22c003/phenotyping_benchmark/datasets/IMMUcan/segmentation/IMMUcan_Batch20210701_10052390-BREAS-VAR-TIS-01-IMC-01_002.tiff
/home/hd/hd_hd/hd_bm327/sds-hd/sd22c003/phenotyping_benchmark/datasets/IMMUcan/raw_images/multistack_tiffs/IMMUcan_Batch20220908_S-220715-00002_002.tiff,/home/hd/hd_hd/hd_bm327/sds-hd/sd22c003/phenotyping_benchmark/datasets/IMMUcan/segmentation/IMMUcan_Batch20220908_S-220715-00002_002.tiff
/home/hd/hd_hd/hd_bm327/sds-hd/sd22c003/phenotyping_benchmark/datasets/IMMUcan/raw_images/multistack_tiffs/IMMUcan_Batch20210506_10070599-SPECT-VAR-TIS-01-IMC-01_004.tiff,/home/hd/hd_hd/hd_bm327/sds-hd/sd22c003/phenotyping_benchmark/datasets/IMMUcan/segmentation/IMMUcan_Batch20210506_10070599-SPECT-VAR-TIS-01-IMC-01_004.tiff
/home/hd/hd_hd/hd_bm327/sds-hd/sd22c003/phenotyping_benchmark/datasets/IMMUcan/raw_images/multistack_tiffs/IMMUcan_Batch20200528_S-200309-00002_001.tiff,/home/hd/hd_hd/hd_bm327/sds-hd/sd22c003/phenotyping_benchmark/datasets/IMMUcan/segmentation/IMMUcan_Batch20200528_S-200309-00002_001.tiff
/home/hd/hd_hd/hd_bm327/sds-hd/sd22c003/phenotyping_benchmark/datasets/IMMUcan/raw_images/multistack_tiffs/IMMUcan_Batch20191023_S-190805-00002_002.tiff,/home/hd/hd_hd/hd_bm327/sds-hd/sd22c003/phenotyping_benchmark/datasets/IMMUcan/segmentation/IMMUcan_Batch20191023_S-190805-00002_002.tiff
/home/hd/hd_hd/hd_bm327/sds-hd/sd22c003/phenotyping_benchmark/datasets/IMMUcan/raw_images/multistack_tiffs/IMMUcan_Batch20210701_10035190-THOR-VAR-TIS-01-IMC-01_002.tiff,/home/hd/hd_hd/hd_bm327/sds-hd/sd22c003/phenotyping_benchmark/datasets/IMMUcan/segmentation/IMMUcan_Batch20210701_10035190-THOR-VAR-TIS-01-IMC-01_002.tiff
/home/hd/hd_hd/hd_bm327/sds-hd/sd22c003/phenotyping_benchmark/datasets/IMMUcan/raw_images/multistack_tiffs/IMMUcan_SPECTA_LUNG_S-210531-00014_001.tiff,/home/hd/hd_hd/hd_bm327/sds-hd/sd22c003/phenotyping_benchmark/datasets/IMMUcan/segmentation/IMMUcan_SPECTA_LUNG_S-210531-00014_001.tiff
/home/hd/hd_hd/hd_bm327/sds-hd/sd22c003/phenotyping_benchmark/datasets/IMMUcan/raw_images/multistack_tiffs/IMMUcan_Batch20210701_LUNG_10040799-LUNG-VAR-TIS-01-IMC-01_001.tiff,/home/hd/hd_hd/hd_bm327/sds-hd/sd22c003/phenotyping_benchmark/datasets/IMMUcan/segmentation/IMMUcan_Batch20210701_LUNG_10040799-LUNG-VAR-TIS-01-IMC-01_001.tiff
/home/hd/hd_hd/hd_bm327/sds-hd/sd22c003/phenotyping_benchmark/datasets/IMMUcan/raw_images/multistack_tiffs/IMMUcan_2022_WFLOW_10072131-SPECT-VAR-TIS-01-IMC-01_001.tiff,/home/hd/hd_hd/hd_bm327/sds-hd/sd22c003/phenotyping_benchmark/datasets/IMMUcan/segmentation/IMMUcan_2022_WFLOW_10072131-SPECT-VAR-TIS-01-IMC-01_001.tiff
/home/hd/hd_hd/hd_bm327/sds-hd/sd22c003/phenotyping_benchmark/datasets/IMMUcan/raw_images/multistack_tiffs/IMMUcan_Batch20210701_10075014-SPECT-VAR-TIS-01-IMC-01_002.tiff,/home/hd/hd_hd/hd_bm327/sds-hd/sd22c003/phenotyping_benchmark/datasets/IMMUcan/segmentation/IMMUcan_Batch20210701_10075014-SPECT-VAR-TIS-01-IMC-01_002.tiff
/home/hd/hd_hd/hd_bm327/sds-hd/sd22c003/phenotyping_benchmark/datasets/IMMUcan/raw_images/multistack_tiffs/IMMUcan_Batch20200528_10037390-THOR-VAR-TIS-01-IMC-01_003.tiff,/home/hd/hd_hd/hd_bm327/sds-hd/sd22c003/phenotyping_benchmark/datasets/IMMUcan/segmentation/IMMUcan_Batch20200528_10037390-THOR-VAR-TIS-01-IMC-01_003.tiff
/home/hd/hd_hd/hd_bm327/sds-hd/sd22c003/phenotyping_benchmark/datasets/IMMUcan/raw_images/multistack_tiffs/IMMUcan_Batch20200528_10032890-THOR-VAR-TIS-01-IMC-01_003.tiff,/home/hd/hd_hd/hd_bm327/sds-hd/sd22c003/phenotyping_benchmark/datasets/IMMUcan/segmentation/IMMUcan_Batch20200528_10032890-THOR-VAR-TIS-01-IMC-01_003.tiff
/home/hd/hd_hd/hd_bm327/sds-hd/sd22c003/phenotyping_benchmark/datasets/IMMUcan/raw_images/multistack_tiffs/IMMUcan_Batch20210701_LUNG_10022152-LUNG-VAR-TIS-01-IMC-01_002.tiff,/home/hd/hd_hd/hd_bm327/sds-hd/sd22c003/phenotyping_benchmark/datasets/IMMUcan/segmentation/IMMUcan_Batch20210701_LUNG_10022152-LUNG-VAR-TIS-01-IMC-01_002.tiff
/home/hd/hd_hd/hd_bm327/sds-hd/sd22c003/phenotyping_benchmark/datasets/IMMUcan/raw_images/multistack_tiffs/IMMUcan_Batch20210304_10038492-GI-VAR-TIS-01-IMC-01_003.tiff,/home/hd/hd_hd/hd_bm327/sds-hd/sd22c003/phenotyping_benchmark/datasets/IMMUcan/segmentation/IMMUcan_Batch20210304_10038492-GI-VAR-TIS-01-IMC-01_003.tiff
/home/hd/hd_hd/hd_bm327/sds-hd/sd22c003/phenotyping_benchmark/datasets/IMMUcan/raw_images/multistack_tiffs/IMMUcan_Batch20200528_10037091-GU-VAR-TIS-01-IMC-01_001.tiff,/home/hd/hd_hd/hd_bm327/sds-hd/sd22c003/phenotyping_benchmark/datasets/IMMUcan/segmentation/IMMUcan_Batch20200528_10037091-GU-VAR-TIS-01-IMC-01_001.tiff
/home/hd/hd_hd/hd_bm327/sds-hd/sd22c003/phenotyping_benchmark/datasets/IMMUcan/raw_images/multistack_tiffs/IMMUcan_Batch20220908_10089187-SPECT-VAR-TIS-UNST-03_003.tiff,/home/hd/hd_hd/hd_bm327/sds-hd/sd22c003/phenotyping_benchmark/datasets/IMMUcan/segmentation/IMMUcan_Batch20220908_10089187-SPECT-VAR-TIS-UNST-03_003.tiff
/home/hd/hd_hd/hd_bm327/sds-hd/sd22c003/phenotyping_benchmark/datasets/IMMUcan/raw_images/multistack_tiffs/IMMUcan_Batch20210701_10071592-SPECT-VAR-TIS-UNST-03_003.tiff,/home/hd/hd_hd/hd_bm327/sds-hd/sd22c003/phenotyping_benchmark/datasets/IMMUcan/segmentation/IMMUcan_Batch20210701_10071592-SPECT-VAR-TIS-UNST-03_003.tiff
/home/hd/hd_hd/hd_bm327/sds-hd/sd22c003/phenotyping_benchmark/datasets/IMMUcan/raw_images/multistack_tiffs/IMMUcan_WFLOW_Batch20210304_10067564-SPECT-VAR-TIS-01-IMC-01_002.tiff,/home/hd/hd_hd/hd_bm327/sds-hd/sd22c003/phenotyping_benchmark/datasets/IMMUcan/segmentation/IMMUcan_WFLOW_Batch20210304_10067564-SPECT-VAR-TIS-01-IMC-01_002.tiff
/home/hd/hd_hd/hd_bm327/sds-hd/sd22c003/phenotyping_benchmark/datasets/IMMUcan/raw_images/multistack_tiffs/IMMUcan_Batch20210506_10072476-SPECT-VAR-TIS-UNST-03_003.tiff,/home/hd/hd_hd/hd_bm327/sds-hd/sd22c003/phenotyping_benchmark/datasets/IMMUcan/segmentation/IMMUcan_Batch20210506_10072476-SPECT-VAR-TIS-UNST-03_003.tiff
/home/hd/hd_hd/hd_bm327/sds-hd/sd22c003/phenotyping_benchmark/datasets/IMMUcan/raw_images/multistack_tiffs/IMMUcan_Batch20210701_LUNG_10041504-LUNG-VAR-TIS-01-IMC-01_003.tiff,/home/hd/hd_hd/hd_bm327/sds-hd/sd22c003/phenotyping_benchmark/datasets/IMMUcan/segmentation/IMMUcan_Batch20210701_LUNG_10041504-LUNG-VAR-TIS-01-IMC-01_003.tiff
/home/hd/hd_hd/hd_bm327/sds-hd/sd22c003/phenotyping_benchmark/datasets/IMMUcan/raw_images/multistack_tiffs/IMMUcan_Batch20211215_10074347-SPECT-VAR-TIS-UNST-03_001.tiff,/home/hd/hd_hd/hd_bm327/sds-hd/sd22c003/phenotyping_benchmark/datasets/IMMUcan/segmentation/IMMUcan_Batch20211215_10074347-SPECT-VAR-TIS-UNST-03_001.tiff
/home/hd/hd_hd/hd_bm327/sds-hd/sd22c003/phenotyping_benchmark/datasets/IMMUcan/raw_images/multistack_tiffs/IMMUcan_Batch20210701_10075017-SPECT-VAR-TIS-UNST-03_002.tiff,/home/hd/hd_hd/hd_bm327/sds-hd/sd22c003/phenotyping_benchmark/datasets/IMMUcan/segmentation/IMMUcan_Batch20210701_10075017-SPECT-VAR-TIS-UNST-03_002.tiff
/home/hd/hd_hd/hd_bm327/sds-hd/sd22c003/phenotyping_benchmark/datasets/IMMUcan/raw_images/multistack_tiffs/IMMUcan_Batch20210701_UPSTREAM_S-210413-01997_001.tiff,/home/hd/hd_hd/hd_bm327/sds-hd/sd22c003/phenotyping_benchmark/datasets/IMMUcan/segmentation/IMMUcan_Batch20210701_UPSTREAM_S-210413-01997_001.tiff
/home/hd/hd_hd/hd_bm327/sds-hd/sd22c003/phenotyping_benchmark/datasets/IMMUcan/raw_images/multistack_tiffs/IMMUcan_Batch20210921_UPSTREAM_S-210622-00002_007.tiff,/home/hd/hd_hd/hd_bm327/sds-hd/sd22c003/phenotyping_benchmark/datasets/IMMUcan/segmentation/IMMUcan_Batch20210921_UPSTREAM_S-210622-00002_007.tiff
/home/hd/hd_hd/hd_bm327/sds-hd/sd22c003/phenotyping_benchmark/datasets/IMMUcan/raw_images/multistack_tiffs/IMMUcan_SPECTA_LUNG_S-210607-00002_001.tiff,/home/hd/hd_hd/hd_bm327/sds-hd/sd22c003/phenotyping_benchmark/datasets/IMMUcan/segmentation/IMMUcan_SPECTA_LUNG_S-210607-00002_001.tiff
/home/hd/hd_hd/hd_bm327/sds-hd/sd22c003/phenotyping_benchmark/datasets/IMMUcan/raw_images/multistack_tiffs/IMMUcan_WFLOW_Batch20210304_10042700-GU-VAR-TIS-01-IMC-01_003.tiff,/home/hd/hd_hd/hd_bm327/sds-hd/sd22c003/phenotyping_benchmark/datasets/IMMUcan/segmentation/IMMUcan_WFLOW_Batch20210304_10042700-GU-VAR-TIS-01-IMC-01_003.tiff
/home/hd/hd_hd/hd_bm327/sds-hd/sd22c003/phenotyping_benchmark/datasets/IMMUcan/raw_images/multistack_tiffs/IMMUcan_Batch20210701_10057320-SPECT-VAR-TIS-01-IMC-01_002.tiff,/home/hd/hd_hd/hd_bm327/sds-hd/sd22c003/phenotyping_benchmark/datasets/IMMUcan/segmentation/IMMUcan_Batch20210701_10057320-SPECT-VAR-TIS-01-IMC-01_002.tiff
/home/hd/hd_hd/hd_bm327/sds-hd/sd22c003/phenotyping_benchmark/datasets/IMMUcan/raw_images/multistack_tiffs/IMMUcan_Batch202220609_UPSTREAM_10079994-E1559-VAR-TIS-01-IMC-01_002.tiff,/home/hd/hd_hd/hd_bm327/sds-hd/sd22c003/phenotyping_benchmark/datasets/IMMUcan/segmentation/IMMUcan_Batch202220609_UPSTREAM_10079994-E1559-VAR-TIS-01-IMC-01_002.tiff
/home/hd/hd_hd/hd_bm327/sds-hd/sd22c003/phenotyping_benchmark/datasets/IMMUcan/raw_images/multistack_tiffs/IMMUcan_Batch20210921_LUNG_10041562-LUNG-VAR-TIS-01-IMC-01_002.tiff,/home/hd/hd_hd/hd_bm327/sds-hd/sd22c003/phenotyping_benchmark/datasets/IMMUcan/segmentation/IMMUcan_Batch20210921_LUNG_10041562-LUNG-VAR-TIS-01-IMC-01_002.tiff
/home/hd/hd_hd/hd_bm327/sds-hd/sd22c003/phenotyping_benchmark/datasets/IMMUcan/raw_images/multistack_tiffs/IMMUcan_Batch20200528_10040557-GU-VAR-TIS-01-IMC-01_003.tiff,/home/hd/hd_hd/hd_bm327/sds-hd/sd22c003/phenotyping_benchmark/datasets/IMMUcan/segmentation/IMMUcan_Batch20200528_10040557-GU-VAR-TIS-01-IMC-01_003.tiff
/home/hd/hd_hd/hd_bm327/sds-hd/sd22c003/phenotyping_benchmark/datasets/IMMUcan/raw_images/multistack_tiffs/IMMUcan_Batch20210701_LUNG_10018938-LUNG-VAR-TIS-01-IMC-01_003.tiff,/home/hd/hd_hd/hd_bm327/sds-hd/sd22c003/phenotyping_benchmark/datasets/IMMUcan/segmentation/IMMUcan_Batch20210701_LUNG_10018938-LUNG-VAR-TIS-01-IMC-01_003.tiff
/home/hd/hd_hd/hd_bm327/sds-hd/sd22c003/phenotyping_benchmark/datasets/IMMUcan/raw_images/multistack_tiffs/IMMUcan_Batch20210304_10051390-GI-VAR-TIS-01-IMC-01_001.tiff,/home/hd/hd_hd/hd_bm327/sds-hd/sd22c003/phenotyping_benchmark/datasets/IMMUcan/segmentation/IMMUcan_Batch20210304_10051390-GI-VAR-TIS-01-IMC-01_001.tiff
/home/hd/hd_hd/hd_bm327/sds-hd/sd22c003/phenotyping_benchmark/datasets/IMMUcan/raw_images/multistack_tiffs/IMMUcan_Batch20201113_10033282-GU-VAR-TIS-01-IMC-01_001.tiff,/home/hd/hd_hd/hd_bm327/sds-hd/sd22c003/phenotyping_benchmark/datasets/IMMUcan/segmentation/IMMUcan_Batch20201113_10033282-GU-VAR-TIS-01-IMC-01_001.tiff
/home/hd/hd_hd/hd_bm327/sds-hd/sd22c003/phenotyping_benchmark/datasets/IMMUcan/raw_images/multistack_tiffs/IMMUcan_Batch20210701_LUNG_10041507-LUNG-VAR-TIS-01-IMC-01_003.tiff,/home/hd/hd_hd/hd_bm327/sds-hd/sd22c003/phenotyping_benchmark/datasets/IMMUcan/segmentation/IMMUcan_Batch20210701_LUNG_10041507-LUNG-VAR-TIS-01-IMC-01_003.tiff
/home/hd/hd_hd/hd_bm327/sds-hd/sd22c003/phenotyping_benchmark/datasets/IMMUcan/raw_images/multistack_tiffs/IMMUcan_Batch20210701_10075574-SPECT-VAR-TIS-UNST-03_003.tiff,/home/hd/hd_hd/hd_bm327/sds-hd/sd22c003/phenotyping_benchmark/datasets/IMMUcan/segmentation/IMMUcan_Batch20210701_10075574-SPECT-VAR-TIS-UNST-03_003.tiff
/home/hd/hd_hd/hd_bm327/sds-hd/sd22c003/phenotyping_benchmark/datasets/IMMUcan/raw_images/multistack_tiffs/IMMUcan_Batch20211215_S-210917-02664_004.tiff,/home/hd/hd_hd/hd_bm327/sds-hd/sd22c003/phenotyping_benchmark/datasets/IMMUcan/segmentation/IMMUcan_Batch20211215_S-210917-02664_004.tiff
/home/hd/hd_hd/hd_bm327/sds-hd/sd22c003/phenotyping_benchmark/datasets/IMMUcan/raw_images/multistack_tiffs/IMMUcan_Batch20220609_10089821-SPECT-VAR-TIS-UNST-03_001.tiff,/home/hd/hd_hd/hd_bm327/sds-hd/sd22c003/phenotyping_benchmark/datasets/IMMUcan/segmentation/IMMUcan_Batch20220609_10089821-SPECT-VAR-TIS-UNST-03_001.tiff
/home/hd/hd_hd/hd_bm327/sds-hd/sd22c003/phenotyping_benchmark/datasets/IMMUcan/raw_images/multistack_tiffs/IMMUcan_Batch20210701_10073145-SPECT-VAR-TIS-01-IMC-01_002.tiff,/home/hd/hd_hd/hd_bm327/sds-hd/sd22c003/phenotyping_benchmark/datasets/IMMUcan/segmentation/IMMUcan_Batch20210701_10073145-SPECT-VAR-TIS-01-IMC-01_002.tiff
/home/hd/hd_hd/hd_bm327/sds-hd/sd22c003/phenotyping_benchmark/datasets/IMMUcan/raw_images/multistack_tiffs/IMMUcan_Batch20200528_10034292-GI-VAR-TIS-UNST-03_003.tiff,/home/hd/hd_hd/hd_bm327/sds-hd/sd22c003/phenotyping_benchmark/datasets/IMMUcan/segmentation/IMMUcan_Batch20200528_10034292-GI-VAR-TIS-UNST-03_003.tiff
/home/hd/hd_hd/hd_bm327/sds-hd/sd22c003/phenotyping_benchmark/datasets/IMMUcan/raw_images/multistack_tiffs/IMMUcan_Batch20220309_10088313-SPECT-VAR-TIS-01-IMC-01_004.tiff,/home/hd/hd_hd/hd_bm327/sds-hd/sd22c003/phenotyping_benchmark/datasets/IMMUcan/segmentation/IMMUcan_Batch20220309_10088313-SPECT-VAR-TIS-01-IMC-01_004.tiff
/home/hd/hd_hd/hd_bm327/sds-hd/sd22c003/phenotyping_benchmark/datasets/IMMUcan/raw_images/multistack_tiffs/IMMUcan_Batch20220609_S-220506-00008_002.tiff,/home/hd/hd_hd/hd_bm327/sds-hd/sd22c003/phenotyping_benchmark/datasets/IMMUcan/segmentation/IMMUcan_Batch20220609_S-220506-00008_002.tiff
/home/hd/hd_hd/hd_bm327/sds-hd/sd22c003/phenotyping_benchmark/datasets/IMMUcan/raw_images/multistack_tiffs/IMMUcan_Batch20220309_S-220121-00002_003.tiff,/home/hd/hd_hd/hd_bm327/sds-hd/sd22c003/phenotyping_benchmark/datasets/IMMUcan/segmentation/IMMUcan_Batch20220309_S-220121-00002_003.tiff
/home/hd/hd_hd/hd_bm327/sds-hd/sd22c003/phenotyping_benchmark/datasets/IMMUcan/raw_images/multistack_tiffs/IMMUcan_Batch20200528_10034293-GI-VAR-TIS-UNST-03_003.tiff,/home/hd/hd_hd/hd_bm327/sds-hd/sd22c003/phenotyping_benchmark/datasets/IMMUcan/segmentation/IMMUcan_Batch20200528_10034293-GI-VAR-TIS-UNST-03_003.tiff
/home/hd/hd_hd/hd_bm327/sds-hd/sd22c003/phenotyping_benchmark/datasets/IMMUcan/raw_images/multistack_tiffs/IMMUcan_Batch20210506_10037409-GI-VAR-TIS-01-IMC-01_003.tiff,/home/hd/hd_hd/hd_bm327/sds-hd/sd22c003/phenotyping_benchmark/datasets/IMMUcan/segmentation/IMMUcan_Batch20210506_10037409-GI-VAR-TIS-01-IMC-01_003.tiff
/home/hd/hd_hd/hd_bm327/sds-hd/sd22c003/phenotyping_benchmark/datasets/IMMUcan/raw_images/multistack_tiffs/IMMUcan_Batch20210701_UPSTREAM_S-210413-02003_002.tiff,/home/hd/hd_hd/hd_bm327/sds-hd/sd22c003/phenotyping_benchmark/datasets/IMMUcan/segmentation/IMMUcan_Batch20210701_UPSTREAM_S-210413-02003_002.tiff
/home/hd/hd_hd/hd_bm327/sds-hd/sd22c003/phenotyping_benchmark/datasets/IMMUcan/raw_images/multistack_tiffs/IMMUcan_Batch20200528_10037401-BREAS-VAR-TIS-01-IMC-01_001.tiff,/home/hd/hd_hd/hd_bm327/sds-hd/sd22c003/phenotyping_benchmark/datasets/IMMUcan/segmentation/IMMUcan_Batch20200528_10037401-BREAS-VAR-TIS-01-IMC-01_001.tiff
/home/hd/hd_hd/hd_bm327/sds-hd/sd22c003/phenotyping_benchmark/datasets/IMMUcan/raw_images/multistack_tiffs/IMMUcan_Batch20201113_10042702-GU-VAR-TIS-01-IMC-01_003.tiff,/home/hd/hd_hd/hd_bm327/sds-hd/sd22c003/phenotyping_benchmark/datasets/IMMUcan/segmentation/IMMUcan_Batch20201113_10042702-GU-VAR-TIS-01-IMC-01_003.tiff
/home/hd/hd_hd/hd_bm327/sds-hd/sd22c003/phenotyping_benchmark/datasets/IMMUcan/raw_images/multistack_tiffs/IMMUcan_Batch20201113_10041761-GU-VAR-TIS-01-IMC-01_001.tiff,/home/hd/hd_hd/hd_bm327/sds-hd/sd22c003/phenotyping_benchmark/datasets/IMMUcan/segmentation/IMMUcan_Batch20201113_10041761-GU-VAR-TIS-01-IMC-01_001.tiff
/home/hd/hd_hd/hd_bm327/sds-hd/sd22c003/phenotyping_benchmark/datasets/IMMUcan/raw_images/multistack_tiffs/IMMUcan_Batch20210701_LUNG_10022144-LUNG-VAR-TIS-01-IMC-01_003.tiff,/home/hd/hd_hd/hd_bm327/sds-hd/sd22c003/phenotyping_benchmark/datasets/IMMUcan/segmentation/IMMUcan_Batch20210701_LUNG_10022144-LUNG-VAR-TIS-01-IMC-01_003.tiff
/home/hd/hd_hd/hd_bm327/sds-hd/sd22c003/phenotyping_benchmark/datasets/IMMUcan/raw_images/multistack_tiffs/IMMUcan_Batch20201113_10041973-THOR-VAR-TIS-01-IMC-01_003.tiff,/home/hd/hd_hd/hd_bm327/sds-hd/sd22c003/phenotyping_benchmark/datasets/IMMUcan/segmentation/IMMUcan_Batch20201113_10041973-THOR-VAR-TIS-01-IMC-01_003.tiff
/home/hd/hd_hd/hd_bm327/sds-hd/sd22c003/phenotyping_benchmark/datasets/IMMUcan/raw_images/multistack_tiffs/IMMUcan_Batch20211215_10083215-SPECT-VAR-TIS-UNST-03_003.tiff,/home/hd/hd_hd/hd_bm327/sds-hd/sd22c003/phenotyping_benchmark/datasets/IMMUcan/segmentation/IMMUcan_Batch20211215_10083215-SPECT-VAR-TIS-UNST-03_003.tiff
/home/hd/hd_hd/hd_bm327/sds-hd/sd22c003/phenotyping_benchmark/datasets/IMMUcan/raw_images/multistack_tiffs/IMMUcan_Batch20210701_10075013-SPECT-VAR-TIS-UNST-03_002.tiff,/home/hd/hd_hd/hd_bm327/sds-hd/sd22c003/phenotyping_benchmark/datasets/IMMUcan/segmentation/IMMUcan_Batch20210701_10075013-SPECT-VAR-TIS-UNST-03_002.tiff
/home/hd/hd_hd/hd_bm327/sds-hd/sd22c003/phenotyping_benchmark/datasets/IMMUcan/raw_images/multistack_tiffs/IMMUcan_Batch20210304_10067466-SPECT-VAR-TIS-UNST-03_002.tiff,/home/hd/hd_hd/hd_bm327/sds-hd/sd22c003/phenotyping_benchmark/datasets/IMMUcan/segmentation/IMMUcan_Batch20210304_10067466-SPECT-VAR-TIS-UNST-03_002.tiff
/home/hd/hd_hd/hd_bm327/sds-hd/sd22c003/phenotyping_benchmark/datasets/IMMUcan/raw_images/multistack_tiffs/IMMUcan_Batch20210506_10072477-SPECT-VAR-TIS-UNST-03_003.tiff,/home/hd/hd_hd/hd_bm327/sds-hd/sd22c003/phenotyping_benchmark/datasets/IMMUcan/segmentation/IMMUcan_Batch20210506_10072477-SPECT-VAR-TIS-UNST-03_003.tiff
/home/hd/hd_hd/hd_bm327/sds-hd/sd22c003/phenotyping_benchmark/datasets/IMMUcan/raw_images/multistack_tiffs/IMMUcan_Batch20210701_UPSTREAM_10064800-E1559-VAR-TIS-01-IMC-01_001.tiff,/home/hd/hd_hd/hd_bm327/sds-hd/sd22c003/phenotyping_benchmark/datasets/IMMUcan/segmentation/IMMUcan_Batch20210701_UPSTREAM_10064800-E1559-VAR-TIS-01-IMC-01_001.tiff
/home/hd/hd_hd/hd_bm327/sds-hd/sd22c003/phenotyping_benchmark/datasets/IMMUcan/raw_images/multistack_tiffs/IMMUcan_Batch20210506_10068594-SPECT-VAR-TIS-01-IMC-01_003.tiff,/home/hd/hd_hd/hd_bm327/sds-hd/sd22c003/phenotyping_benchmark/datasets/IMMUcan/segmentation/IMMUcan_Batch20210506_10068594-SPECT-VAR-TIS-01-IMC-01_003.tiff
/home/hd/hd_hd/hd_bm327/sds-hd/sd22c003/phenotyping_benchmark/datasets/IMMUcan/raw_images/multistack_tiffs/IMMUcan_Batch20200528_10042698-GU-VAR-TIS-01-IMC-01_002.tiff,/home/hd/hd_hd/hd_bm327/sds-hd/sd22c003/phenotyping_benchmark/datasets/IMMUcan/segmentation/IMMUcan_Batch20200528_10042698-GU-VAR-TIS-01-IMC-01_002.tiff
/home/hd/hd_hd/hd_bm327/sds-hd/sd22c003/phenotyping_benchmark/datasets/IMMUcan/raw_images/multistack_tiffs/IMMUcan_Batch20211215_10079701-SPECT-VAR-TIS-UNST-03_004.tiff,/home/hd/hd_hd/hd_bm327/sds-hd/sd22c003/phenotyping_benchmark/datasets/IMMUcan/segmentation/IMMUcan_Batch20211215_10079701-SPECT-VAR-TIS-UNST-03_004.tiff
/home/hd/hd_hd/hd_bm327/sds-hd/sd22c003/phenotyping_benchmark/datasets/IMMUcan/raw_images/multistack_tiffs/IMMUcan_Batch20210701_10075572-SPECT-VAR-TIS-UNST-03_002.tiff,/home/hd/hd_hd/hd_bm327/sds-hd/sd22c003/phenotyping_benchmark/datasets/IMMUcan/segmentation/IMMUcan_Batch20210701_10075572-SPECT-VAR-TIS-UNST-03_002.tiff
/home/hd/hd_hd/hd_bm327/sds-hd/sd22c003/phenotyping_benchmark/datasets/IMMUcan/raw_images/multistack_tiffs/IMMUcan_Batch20210506_10074064-SPECT-VAR-TIS-UNST-03_004.tiff,/home/hd/hd_hd/hd_bm327/sds-hd/sd22c003/phenotyping_benchmark/datasets/IMMUcan/segmentation/IMMUcan_Batch20210506_10074064-SPECT-VAR-TIS-UNST-03_004.tiff
/home/hd/hd_hd/hd_bm327/sds-hd/sd22c003/phenotyping_benchmark/datasets/IMMUcan/raw_images/multistack_tiffs/IMMUcan_Batch20220309_S-220114-00032_006.tiff,/home/hd/hd_hd/hd_bm327/sds-hd/sd22c003/phenotyping_benchmark/datasets/IMMUcan/segmentation/IMMUcan_Batch20220309_S-220114-00032_006.tiff
/home/hd/hd_hd/hd_bm327/sds-hd/sd22c003/phenotyping_benchmark/datasets/IMMUcan/raw_images/multistack_tiffs/IMMUcan_Batch20211215_10074351-SPECT-VAR-TIS-UNST-03_001.tiff,/home/hd/hd_hd/hd_bm327/sds-hd/sd22c003/phenotyping_benchmark/datasets/IMMUcan/segmentation/IMMUcan_Batch20211215_10074351-SPECT-VAR-TIS-UNST-03_001.tiff
/home/hd/hd_hd/hd_bm327/sds-hd/sd22c003/phenotyping_benchmark/datasets/IMMUcan/raw_images/multistack_tiffs/IMMUcan_Batch20220609_10073146-SPECT-VAR-TIS-01-IMC-01_001.tiff,/home/hd/hd_hd/hd_bm327/sds-hd/sd22c003/phenotyping_benchmark/datasets/IMMUcan/segmentation/IMMUcan_Batch20220609_10073146-SPECT-VAR-TIS-01-IMC-01_001.tiff
/home/hd/hd_hd/hd_bm327/sds-hd/sd22c003/phenotyping_benchmark/datasets/IMMUcan/raw_images/multistack_tiffs/IMMUcan_Batch20210701_10071584-SPECT-VAR-TIS-UNST-03_003.tiff,/home/hd/hd_hd/hd_bm327/sds-hd/sd22c003/phenotyping_benchmark/datasets/IMMUcan/segmentation/IMMUcan_Batch20210701_10071584-SPECT-VAR-TIS-UNST-03_003.tiff
/home/hd/hd_hd/hd_bm327/sds-hd/sd22c003/phenotyping_benchmark/datasets/IMMUcan/raw_images/multistack_tiffs/IMMUcan_Batch20210506_10074065-SPECT-VAR-TIS-UNST-03_001.tiff,/home/hd/hd_hd/hd_bm327/sds-hd/sd22c003/phenotyping_benchmark/datasets/IMMUcan/segmentation/IMMUcan_Batch20210506_10074065-SPECT-VAR-TIS-UNST-03_001.tiff
/home/hd/hd_hd/hd_bm327/sds-hd/sd22c003/phenotyping_benchmark/datasets/IMMUcan/raw_images/multistack_tiffs/IMMUcan_Batch20220908_10094867-SPECT-VAR-TIS-UNST-03_001.tiff,/home/hd/hd_hd/hd_bm327/sds-hd/sd22c003/phenotyping_benchmark/datasets/IMMUcan/segmentation/IMMUcan_Batch20220908_10094867-SPECT-VAR-TIS-UNST-03_001.tiff
/home/hd/hd_hd/hd_bm327/sds-hd/sd22c003/phenotyping_benchmark/datasets/IMMUcan/raw_images/multistack_tiffs/IMMUcan_Batch20220908_S-220513-00020_001.tiff,/home/hd/hd_hd/hd_bm327/sds-hd/sd22c003/phenotyping_benchmark/datasets/IMMUcan/segmentation/IMMUcan_Batch20220908_S-220513-00020_001.tiff
/home/hd/hd_hd/hd_bm327/sds-hd/sd22c003/phenotyping_benchmark/datasets/IMMUcan/raw_images/multistack_tiffs/IMMUcan_batch20191023_10032145-THOR-VAR-TIS-01-IMC-01_002.tiff,/home/hd/hd_hd/hd_bm327/sds-hd/sd22c003/phenotyping_benchmark/datasets/IMMUcan/segmentation/IMMUcan_batch20191023_10032145-THOR-VAR-TIS-01-IMC-01_002.tiff
/home/hd/hd_hd/hd_bm327/sds-hd/sd22c003/phenotyping_benchmark/datasets/IMMUcan/raw_images/multistack_tiffs/IMMUcan_Batch20210701_UPSTREAM_S-210510-00044_005.tiff,/home/hd/hd_hd/hd_bm327/sds-hd/sd22c003/phenotyping_benchmark/datasets/IMMUcan/segmentation/IMMUcan_Batch20210701_UPSTREAM_S-210510-00044_005.tiff
/home/hd/hd_hd/hd_bm327/sds-hd/sd22c003/phenotyping_benchmark/datasets/IMMUcan/raw_images/multistack_tiffs/IMMUcan_Batch20220609_S-220408-00002_003.tiff,/home/hd/hd_hd/hd_bm327/sds-hd/sd22c003/phenotyping_benchmark/datasets/IMMUcan/segmentation/IMMUcan_Batch20220609_S-220408-00002_003.tiff
/home/hd/hd_hd/hd_bm327/sds-hd/sd22c003/phenotyping_benchmark/datasets/IMMUcan/raw_images/multistack_tiffs/IMMUcan_SPECTA_LUNG_S-210416-03057_003.tiff,/home/hd/hd_hd/hd_bm327/sds-hd/sd22c003/phenotyping_benchmark/datasets/IMMUcan/segmentation/IMMUcan_SPECTA_LUNG_S-210416-03057_003.tiff
/home/hd/hd_hd/hd_bm327/sds-hd/sd22c003/phenotyping_benchmark/datasets/IMMUcan/raw_images/multistack_tiffs/IMMUcan_Batch20220908_10087692-SPECT-VAR-TIS-01-IMC-01_004.tiff,/home/hd/hd_hd/hd_bm327/sds-hd/sd22c003/phenotyping_benchmark/datasets/IMMUcan/segmentation/IMMUcan_Batch20220908_10087692-SPECT-VAR-TIS-01-IMC-01_004.tiff
/home/hd/hd_hd/hd_bm327/sds-hd/sd22c003/phenotyping_benchmark/datasets/IMMUcan/raw_images/multistack_tiffs/IMMUcan_Batch20191023_S-190805-00002_006.tiff,/home/hd/hd_hd/hd_bm327/sds-hd/sd22c003/phenotyping_benchmark/datasets/IMMUcan/segmentation/IMMUcan_Batch20191023_S-190805-00002_006.tiff
/home/hd/hd_hd/hd_bm327/sds-hd/sd22c003/phenotyping_benchmark/datasets/IMMUcan/raw_images/multistack_tiffs/IMMUcan_Batch20220609_S-220218-00008_003.tiff,/home/hd/hd_hd/hd_bm327/sds-hd/sd22c003/phenotyping_benchmark/datasets/IMMUcan/segmentation/IMMUcan_Batch20220609_S-220218-00008_003.tiff
/home/hd/hd_hd/hd_bm327/sds-hd/sd22c003/phenotyping_benchmark/datasets/IMMUcan/raw_images/multistack_tiffs/10068190-SPECT-VAR-TIS-01-IMC-01_001.tiff,/home/hd/hd_hd/hd_bm327/sds-hd/sd22c003/phenotyping_benchmark/datasets/IMMUcan/segmentation/10068190-SPECT-VAR-TIS-01-IMC-01_001.tiff
/home/hd/hd_hd/hd_bm327/sds-hd/sd22c003/phenotyping_benchmark/datasets/IMMUcan/raw_images/multistack_tiffs/IMMUcan_2022_WFLOW_10074350-SPECT-VAR-TIS-UNST-03_004.tiff,/home/hd/hd_hd/hd_bm327/sds-hd/sd22c003/phenotyping_benchmark/datasets/IMMUcan/segmentation/IMMUcan_2022_WFLOW_10074350-SPECT-VAR-TIS-UNST-03_004.tiff
/home/hd/hd_hd/hd_bm327/sds-hd/sd22c003/phenotyping_benchmark/datasets/IMMUcan/raw_images/multistack_tiffs/IMMUcan_Batch20210304_10069532-SPECT-VAR-TIS-01-IMC-01_002.tiff,/home/hd/hd_hd/hd_bm327/sds-hd/sd22c003/phenotyping_benchmark/datasets/IMMUcan/segmentation/IMMUcan_Batch20210304_10069532-SPECT-VAR-TIS-01-IMC-01_002.tiff
/home/hd/hd_hd/hd_bm327/sds-hd/sd22c003/phenotyping_benchmark/datasets/IMMUcan/raw_images/multistack_tiffs/IMMUcan_Batch20220309_S-220107-00002_001.tiff,/home/hd/hd_hd/hd_bm327/sds-hd/sd22c003/phenotyping_benchmark/datasets/IMMUcan/segmentation/IMMUcan_Batch20220309_S-220107-00002_001.tiff
/home/hd/hd_hd/hd_bm327/sds-hd/sd22c003/phenotyping_benchmark/datasets/IMMUcan/raw_images/multistack_tiffs/IMMUcan_Batch20201113_10052392-BREAS-VAR-TIS-UNST-03_001.tiff,/home/hd/hd_hd/hd_bm327/sds-hd/sd22c003/phenotyping_benchmark/datasets/IMMUcan/segmentation/IMMUcan_Batch20201113_10052392-BREAS-VAR-TIS-UNST-03_001.tiff
/home/hd/hd_hd/hd_bm327/sds-hd/sd22c003/phenotyping_benchmark/datasets/IMMUcan/raw_images/multistack_tiffs/IMMUcan_Batch20211215_10083973-SPECT-VAR-TIS-01-IMC-01_003.tiff,/home/hd/hd_hd/hd_bm327/sds-hd/sd22c003/phenotyping_benchmark/datasets/IMMUcan/segmentation/IMMUcan_Batch20211215_10083973-SPECT-VAR-TIS-01-IMC-01_003.tiff
/home/hd/hd_hd/hd_bm327/sds-hd/sd22c003/phenotyping_benchmark/datasets/IMMUcan/raw_images/multistack_tiffs/IMMUcan_Batch20200528_10037093-GU-VAR-TIS-01-IMC-01_004.tiff,/home/hd/hd_hd/hd_bm327/sds-hd/sd22c003/phenotyping_benchmark/datasets/IMMUcan/segmentation/IMMUcan_Batch20200528_10037093-GU-VAR-TIS-01-IMC-01_004.tiff
/home/hd/hd_hd/hd_bm327/sds-hd/sd22c003/phenotyping_benchmark/datasets/IMMUcan/raw_images/multistack_tiffs/IMMUcan_Batch20220309_10084032-SPECT-VAR-TIS-01-IMC-01_002.tiff,/home/hd/hd_hd/hd_bm327/sds-hd/sd22c003/phenotyping_benchmark/datasets/IMMUcan/segmentation/IMMUcan_Batch20220309_10084032-SPECT-VAR-TIS-01-IMC-01_002.tiff
/home/hd/hd_hd/hd_bm327/sds-hd/sd22c003/phenotyping_benchmark/datasets/IMMUcan/raw_images/multistack_tiffs/IMMUcan_Batch20220309_S-220204-00008_002.tiff,/home/hd/hd_hd/hd_bm327/sds-hd/sd22c003/phenotyping_benchmark/datasets/IMMUcan/segmentation/IMMUcan_Batch20220309_S-220204-00008_002.tiff
/home/hd/hd_hd/hd_bm327/sds-hd/sd22c003/phenotyping_benchmark/datasets/IMMUcan/raw_images/multistack_tiffs/IMMUcan_Batch20201113_10042701-GU-VAR-TIS-01-IMC-01_001.tiff,/home/hd/hd_hd/hd_bm327/sds-hd/sd22c003/phenotyping_benchmark/datasets/IMMUcan/segmentation/IMMUcan_Batch20201113_10042701-GU-VAR-TIS-01-IMC-01_001.tiff
/home/hd/hd_hd/hd_bm327/sds-hd/sd22c003/phenotyping_benchmark/datasets/IMMUcan/raw_images/multistack_tiffs/IMMUcan_Batch20211215_10074348-SPECT-VAR-TIS-UNST-03_003.tiff,/home/hd/hd_hd/hd_bm327/sds-hd/sd22c003/phenotyping_benchmark/datasets/IMMUcan/segmentation/IMMUcan_Batch20211215_10074348-SPECT-VAR-TIS-UNST-03_003.tiff
/home/hd/hd_hd/hd_bm327/sds-hd/sd22c003/phenotyping_benchmark/datasets/IMMUcan/raw_images/multistack_tiffs/IMMUcan_Batch20210921_UPSTREAM_S-210622-00020_003.tiff,/home/hd/hd_hd/hd_bm327/sds-hd/sd22c003/phenotyping_benchmark/datasets/IMMUcan/segmentation/IMMUcan_Batch20210921_UPSTREAM_S-210622-00020_003.tiff
/home/hd/hd_hd/hd_bm327/sds-hd/sd22c003/phenotyping_benchmark/datasets/IMMUcan/raw_images/multistack_tiffs/IMMUcan_Batch20210701_10069534-SPECT-VAR-TIS-UNST-03_001.tiff,/home/hd/hd_hd/hd_bm327/sds-hd/sd22c003/phenotyping_benchmark/datasets/IMMUcan/segmentation/IMMUcan_Batch20210701_10069534-SPECT-VAR-TIS-UNST-03_001.tiff
/home/hd/hd_hd/hd_bm327/sds-hd/sd22c003/phenotyping_benchmark/datasets/IMMUcan/raw_images/multistack_tiffs/IMMUcan_Batch20220908_10089829-SPECT-VAR-TIS-UNST-03_001.tiff,/home/hd/hd_hd/hd_bm327/sds-hd/sd22c003/phenotyping_benchmark/datasets/IMMUcan/segmentation/IMMUcan_Batch20220908_10089829-SPECT-VAR-TIS-UNST-03_001.tiff
/home/hd/hd_hd/hd_bm327/sds-hd/sd22c003/phenotyping_benchmark/datasets/IMMUcan/raw_images/multistack_tiffs/IMMUcan_Batch20210921_10064948-SPECT-VAR-TIS-UNST-03_003.tiff,/home/hd/hd_hd/hd_bm327/sds-hd/sd22c003/phenotyping_benchmark/datasets/IMMUcan/segmentation/IMMUcan_Batch20210921_10064948-SPECT-VAR-TIS-UNST-03_003.tiff
/home/hd/hd_hd/hd_bm327/sds-hd/sd22c003/phenotyping_benchmark/datasets/IMMUcan/raw_images/multistack_tiffs/IMMUcan_Batch20210921_LUNG_10041565-LUNG-VAR-TIS-01-IMC-01_003.tiff,/home/hd/hd_hd/hd_bm327/sds-hd/sd22c003/phenotyping_benchmark/datasets/IMMUcan/segmentation/IMMUcan_Batch20210921_LUNG_10041565-LUNG-VAR-TIS-01-IMC-01_003.tiff
/home/hd/hd_hd/hd_bm327/sds-hd/sd22c003/phenotyping_benchmark/datasets/IMMUcan/raw_images/multistack_tiffs/IMMUcan_Batch20220908_S-220513-00020_003.tiff,/home/hd/hd_hd/hd_bm327/sds-hd/sd22c003/phenotyping_benchmark/datasets/IMMUcan/segmentation/IMMUcan_Batch20220908_S-220513-00020_003.tiff
/home/hd/hd_hd/hd_bm327/sds-hd/sd22c003/phenotyping_benchmark/datasets/IMMUcan/raw_images/multistack_tiffs/IMMUcan_WFLOW_Batch20210304_10043243-GI-VAR-TIS-UNST-03_003.tiff,/home/hd/hd_hd/hd_bm327/sds-hd/sd22c003/phenotyping_benchmark/datasets/IMMUcan/segmentation/IMMUcan_WFLOW_Batch20210304_10043243-GI-VAR-TIS-UNST-03_003.tiff
/home/hd/hd_hd/hd_bm327/sds-hd/sd22c003/phenotyping_benchmark/datasets/IMMUcan/raw_images/multistack_tiffs/IMMUcan_Batch20210304_10038490-GI-VAR-TIS-01-IMC-01_002.tiff,/home/hd/hd_hd/hd_bm327/sds-hd/sd22c003/phenotyping_benchmark/datasets/IMMUcan/segmentation/IMMUcan_Batch20210304_10038490-GI-VAR-TIS-01-IMC-01_002.tiff
/home/hd/hd_hd/hd_bm327/sds-hd/sd22c003/phenotyping_benchmark/datasets/IMMUcan/raw_images/multistack_tiffs/IMMUcan_Batch20210921_LUNG_10041543-LUNG-VAR-TIS-01-IMC-01_003.tiff,/home/hd/hd_hd/hd_bm327/sds-hd/sd22c003/phenotyping_benchmark/datasets/IMMUcan/segmentation/IMMUcan_Batch20210921_LUNG_10041543-LUNG-VAR-TIS-01-IMC-01_003.tiff
/home/hd/hd_hd/hd_bm327/sds-hd/sd22c003/phenotyping_benchmark/datasets/IMMUcan/raw_images/multistack_tiffs/IMMUcan_Batch20210921_LUNG_10041558-LUNG-VAR-TIS-01-IMC-01_001.tiff,/home/hd/hd_hd/hd_bm327/sds-hd/sd22c003/phenotyping_benchmark/datasets/IMMUcan/segmentation/IMMUcan_Batch20210921_LUNG_10041558-LUNG-VAR-TIS-01-IMC-01_001.tiff
/home/hd/hd_hd/hd_bm327/sds-hd/sd22c003/phenotyping_benchmark/datasets/IMMUcan/raw_images/multistack_tiffs/IMMUcan_Batch20210701_UPSTREAM_S-210510-00068_001.tiff,/home/hd/hd_hd/hd_bm327/sds-hd/sd22c003/phenotyping_benchmark/datasets/IMMUcan/segmentation/IMMUcan_Batch20210701_UPSTREAM_S-210510-00068_001.tiff
/home/hd/hd_hd/hd_bm327/sds-hd/sd22c003/phenotyping_benchmark/datasets/IMMUcan/raw_images/multistack_tiffs/IMMUcan_Batch20210701_10075016-SPECT-VAR-TIS-01-IMC-01_003.tiff,/home/hd/hd_hd/hd_bm327/sds-hd/sd22c003/phenotyping_benchmark/datasets/IMMUcan/segmentation/IMMUcan_Batch20210701_10075016-SPECT-VAR-TIS-01-IMC-01_003.tiff
/home/hd/hd_hd/hd_bm327/sds-hd/sd22c003/phenotyping_benchmark/datasets/IMMUcan/raw_images/multistack_tiffs/IMMUcan_Batch20220309_S-220204-00002_001.tiff,/home/hd/hd_hd/hd_bm327/sds-hd/sd22c003/phenotyping_benchmark/datasets/IMMUcan/segmentation/IMMUcan_Batch20220309_S-220204-00002_001.tiff
/home/hd/hd_hd/hd_bm327/sds-hd/sd22c003/phenotyping_benchmark/datasets/IMMUcan/raw_images/multistack_tiffs/IMMUcan_Batch20220309_S-220114-00026_005.tiff,/home/hd/hd_hd/hd_bm327/sds-hd/sd22c003/phenotyping_benchmark/datasets/IMMUcan/segmentation/IMMUcan_Batch20220309_S-220114-00026_005.tiff
/home/hd/hd_hd/hd_bm327/sds-hd/sd22c003/phenotyping_benchmark/datasets/IMMUcan/raw_images/multistack_tiffs/IMMUcan_Batch20211215_10068187-SPECT-VAR-TIS-UNST-03_004.tiff,/home/hd/hd_hd/hd_bm327/sds-hd/sd22c003/phenotyping_benchmark/datasets/IMMUcan/segmentation/IMMUcan_Batch20211215_10068187-SPECT-VAR-TIS-UNST-03_004.tiff
/home/hd/hd_hd/hd_bm327/sds-hd/sd22c003/phenotyping_benchmark/datasets/IMMUcan/raw_images/multistack_tiffs/IMMUcan_Batch20220908_10096158-SPECT-VAR-TIS-UNST-03_001.tiff,/home/hd/hd_hd/hd_bm327/sds-hd/sd22c003/phenotyping_benchmark/datasets/IMMUcan/segmentation/IMMUcan_Batch20220908_10096158-SPECT-VAR-TIS-UNST-03_001.tiff
/home/hd/hd_hd/hd_bm327/sds-hd/sd22c003/phenotyping_benchmark/datasets/IMMUcan/raw_images/multistack_tiffs/IMMUcan_Batch20210701_S-210531-00020_001.tiff,/home/hd/hd_hd/hd_bm327/sds-hd/sd22c003/phenotyping_benchmark/datasets/IMMUcan/segmentation/IMMUcan_Batch20210701_S-210531-00020_001.tiff
/home/hd/hd_hd/hd_bm327/sds-hd/sd22c003/phenotyping_benchmark/datasets/IMMUcan/raw_images/multistack_tiffs/IMMUcan_Batch20210304_10070084-SPECT-VAR-TIS-01-IMC-01_002.tiff,/home/hd/hd_hd/hd_bm327/sds-hd/sd22c003/phenotyping_benchmark/datasets/IMMUcan/segmentation/IMMUcan_Batch20210304_10070084-SPECT-VAR-TIS-01-IMC-01_002.tiff
/home/hd/hd_hd/hd_bm327/sds-hd/sd22c003/phenotyping_benchmark/datasets/IMMUcan/raw_images/multistack_tiffs/IMMUcan_Batch20220609_S-220401-00008_006.tiff,/home/hd/hd_hd/hd_bm327/sds-hd/sd22c003/phenotyping_benchmark/datasets/IMMUcan/segmentation/IMMUcan_Batch20220609_S-220401-00008_006.tiff
/home/hd/hd_hd/hd_bm327/sds-hd/sd22c003/phenotyping_benchmark/datasets/IMMUcan/raw_images/multistack_tiffs/IMMUcan_Batch20210506_10032400-GU-VAR-TIS-01-IMC-01_003.tiff,/home/hd/hd_hd/hd_bm327/sds-hd/sd22c003/phenotyping_benchmark/datasets/IMMUcan/segmentation/IMMUcan_Batch20210506_10032400-GU-VAR-TIS-01-IMC-01_003.tiff
/home/hd/hd_hd/hd_bm327/sds-hd/sd22c003/phenotyping_benchmark/datasets/IMMUcan/raw_images/multistack_tiffs/IMMUcan_Batch20200528_10037094-GU-VAR-TIS-01-IMC-01_001.tiff,/home/hd/hd_hd/hd_bm327/sds-hd/sd22c003/phenotyping_benchmark/datasets/IMMUcan/segmentation/IMMUcan_Batch20200528_10037094-GU-VAR-TIS-01-IMC-01_001.tiff
/home/hd/hd_hd/hd_bm327/sds-hd/sd22c003/phenotyping_benchmark/datasets/IMMUcan/raw_images/multistack_tiffs/IMMUcan_Batch20201113_10043258-BREAS-VAR-TIS-01-IMC-01_pos1_1_1.tiff,/home/hd/hd_hd/hd_bm327/sds-hd/sd22c003/phenotyping_benchmark/datasets/IMMUcan/segmentation/IMMUcan_Batch20201113_10043258-BREAS-VAR-TIS-01-IMC-01_pos1_1_1.tiff
/home/hd/hd_hd/hd_bm327/sds-hd/sd22c003/phenotyping_benchmark/datasets/IMMUcan/raw_images/multistack_tiffs/IMMUcan_Batch20210921_10073354-SPECT-VAR-TIS-01-IMC-01_002.tiff,/home/hd/hd_hd/hd_bm327/sds-hd/sd22c003/phenotyping_benchmark/datasets/IMMUcan/segmentation/IMMUcan_Batch20210921_10073354-SPECT-VAR-TIS-01-IMC-01_002.tiff
/home/hd/hd_hd/hd_bm327/sds-hd/sd22c003/phenotyping_benchmark/datasets/IMMUcan/raw_images/multistack_tiffs/IMMUcan_Batch20210921_UPSTREAM_S-210622-00008_003.tiff,/home/hd/hd_hd/hd_bm327/sds-hd/sd22c003/phenotyping_benchmark/datasets/IMMUcan/segmentation/IMMUcan_Batch20210921_UPSTREAM_S-210622-00008_003.tiff
/home/hd/hd_hd/hd_bm327/sds-hd/sd22c003/phenotyping_benchmark/datasets/IMMUcan/raw_images/multistack_tiffs/IMMUcan_Batch20210701_LUNG_10018889-LUNG-VAR-TIS-01-IMC-01_001.tiff,/home/hd/hd_hd/hd_bm327/sds-hd/sd22c003/phenotyping_benchmark/datasets/IMMUcan/segmentation/IMMUcan_Batch20210701_LUNG_10018889-LUNG-VAR-TIS-01-IMC-01_001.tiff
/home/hd/hd_hd/hd_bm327/sds-hd/sd22c003/phenotyping_benchmark/datasets/IMMUcan/raw_images/multistack_tiffs/IMMUcan_Batch20210701_10074830-SPECT-VAR-TIS-01-IMC-01_001.tiff,/home/hd/hd_hd/hd_bm327/sds-hd/sd22c003/phenotyping_benchmark/datasets/IMMUcan/segmentation/IMMUcan_Batch20210701_10074830-SPECT-VAR-TIS-01-IMC-01_001.tiff
/home/hd/hd_hd/hd_bm327/sds-hd/sd22c003/phenotyping_benchmark/datasets/IMMUcan/raw_images/multistack_tiffs/IMMUcan_Batch20211215_10083947-SPECT-VAR-TIS-01-IMC-01_001.tiff,/home/hd/hd_hd/hd_bm327/sds-hd/sd22c003/phenotyping_benchmark/datasets/IMMUcan/segmentation/IMMUcan_Batch20211215_10083947-SPECT-VAR-TIS-01-IMC-01_001.tiff
/home/hd/hd_hd/hd_bm327/sds-hd/sd22c003/phenotyping_benchmark/datasets/IMMUcan/raw_images/multistack_tiffs/IMMUcan_Batch20201113_10062587-SPECT-VAR-TIS-01-IMC-01_003.tiff,/home/hd/hd_hd/hd_bm327/sds-hd/sd22c003/phenotyping_benchmark/datasets/IMMUcan/segmentation/IMMUcan_Batch20201113_10062587-SPECT-VAR-TIS-01-IMC-01_003.tiff
/home/hd/hd_hd/hd_bm327/sds-hd/sd22c003/phenotyping_benchmark/datasets/IMMUcan/raw_images/multistack_tiffs/IMMUcan_Batch20220609_10090350-SPECT-VAR-TIS-01-IMC-01_001.tiff,/home/hd/hd_hd/hd_bm327/sds-hd/sd22c003/phenotyping_benchmark/datasets/IMMUcan/segmentation/IMMUcan_Batch20220609_10090350-SPECT-VAR-TIS-01-IMC-01_001.tiff
/home/hd/hd_hd/hd_bm327/sds-hd/sd22c003/phenotyping_benchmark/datasets/IMMUcan/raw_images/multistack_tiffs/IMMUcan_WFLOW_Batch20210304_10043241-GI-VAR-TIS-UNST-03_007.tiff,/home/hd/hd_hd/hd_bm327/sds-hd/sd22c003/phenotyping_benchmark/datasets/IMMUcan/segmentation/IMMUcan_WFLOW_Batch20210304_10043241-GI-VAR-TIS-UNST-03_007.tiff
/home/hd/hd_hd/hd_bm327/sds-hd/sd22c003/phenotyping_benchmark/datasets/IMMUcan/raw_images/multistack_tiffs/IMMUcan_Batch20210701_LUNG_10040835-LUNG-VAR-TIS-01-IMC-01_001.tiff,/home/hd/hd_hd/hd_bm327/sds-hd/sd22c003/phenotyping_benchmark/datasets/IMMUcan/segmentation/IMMUcan_Batch20210701_LUNG_10040835-LUNG-VAR-TIS-01-IMC-01_001.tiff
/home/hd/hd_hd/hd_bm327/sds-hd/sd22c003/phenotyping_benchmark/datasets/IMMUcan/raw_images/multistack_tiffs/IMMUcan_Batch20201113_10034034-THOR-VAR-TIS-01-IMC-01_002.tiff,/home/hd/hd_hd/hd_bm327/sds-hd/sd22c003/phenotyping_benchmark/datasets/IMMUcan/segmentation/IMMUcan_Batch20201113_10034034-THOR-VAR-TIS-01-IMC-01_002.tiff
/home/hd/hd_hd/hd_bm327/sds-hd/sd22c003/phenotyping_benchmark/datasets/IMMUcan/raw_images/multistack_tiffs/IMMUcan_Batch20210701_UPSTREAM_S-210510-00032_006.tiff,/home/hd/hd_hd/hd_bm327/sds-hd/sd22c003/phenotyping_benchmark/datasets/IMMUcan/segmentation/IMMUcan_Batch20210701_UPSTREAM_S-210510-00032_006.tiff
